--PRAGMA foreign_keys=OFF;
BEGIN TRANSACTION;
CREATE TABLE IF NOT EXISTS "django_migrations" ("id" integer NOT NULL PRIMARY KEY AUTOINCREMENT, "app" varchar(255) NOT NULL, "name" varchar(255) NOT NULL, "applied" datetime NOT NULL);
INSERT INTO django_migrations VALUES(1,'contenttypes','0001_initial','2020-06-14 09:35:53.920704');
INSERT INTO django_migrations VALUES(2,'auth','0001_initial','2020-06-14 09:35:53.958834');
INSERT INTO django_migrations VALUES(3,'admin','0001_initial','2020-06-14 09:35:53.982503');
INSERT INTO django_migrations VALUES(4,'admin','0002_logentry_remove_auto_add','2020-06-14 09:35:54.021436');
INSERT INTO django_migrations VALUES(5,'admin','0003_logentry_add_action_flag_choices','2020-06-14 09:35:54.045036');
INSERT INTO django_migrations VALUES(6,'contenttypes','0002_remove_content_type_name','2020-06-14 09:35:54.070462');
INSERT INTO django_migrations VALUES(7,'auth','0002_alter_permission_name_max_length','2020-06-14 09:35:54.084907');
INSERT INTO django_migrations VALUES(8,'auth','0003_alter_user_email_max_length','2020-06-14 09:35:54.100444');
INSERT INTO django_migrations VALUES(9,'auth','0004_alter_user_username_opts','2020-06-14 09:35:54.138421');
INSERT INTO django_migrations VALUES(10,'auth','0005_alter_user_last_login_null','2020-06-14 09:35:54.156665');
INSERT INTO django_migrations VALUES(11,'auth','0006_require_contenttypes_0002','2020-06-14 09:35:54.165968');
INSERT INTO django_migrations VALUES(12,'auth','0007_alter_validators_add_error_messages','2020-06-14 09:35:54.182412');
INSERT INTO django_migrations VALUES(13,'auth','0008_alter_user_username_max_length','2020-06-14 09:35:54.219956');
INSERT INTO django_migrations VALUES(14,'auth','0009_alter_user_last_name_max_length','2020-06-14 09:35:54.239397');
INSERT INTO django_migrations VALUES(15,'auth','0010_alter_group_name_max_length','2020-06-14 09:35:54.267658');
INSERT INTO django_migrations VALUES(16,'auth','0011_update_proxy_permissions','2020-06-14 09:35:54.285340');
INSERT INTO django_migrations VALUES(17,'oc_lettings_site','0001_initial','2020-06-14 09:35:54.304380');
INSERT INTO django_migrations VALUES(18,'sessions','0001_initial','2020-06-14 09:35:54.324858');
INSERT INTO django_migrations VALUES(19,'Profiles','0001_initial','2023-03-09 13:34:01.874350');
INSERT INTO django_migrations VALUES(20,'oc_lettings_site','0002_alter_address_id_alter_letting_id_alter_profile_id','2023-03-09 13:36:08.019260');
INSERT INTO django_migrations VALUES(21,'oc_lettings_site','0003_auto_20230225_1244','2023-03-09 13:36:08.032290');
INSERT INTO django_migrations VALUES(22,'Lettings','0001_initial','2023-03-09 13:37:58.172166');
INSERT INTO django_migrations VALUES(23,'Lettings','0002_auto_20230225_1244','2023-03-09 13:37:58.180486');
INSERT INTO django_migrations VALUES(24,'Lettings','0003_auto_20230225_1244','2023-03-09 13:37:58.196126');
INSERT INTO django_migrations VALUES(25,'Profiles','0002_auto_20230225_1244','2023-03-09 13:37:58.215023');
INSERT INTO django_migrations VALUES(26,'Lettings','0004_alter_address_id_alter_letting_id','2023-03-30 23:50:29.537417');
INSERT INTO django_migrations VALUES(27,'Profiles','0003_alter_profile_id','2023-03-30 23:50:29.713418');
INSERT INTO django_migrations VALUES(28,'auth','0012_alter_user_first_name_max_length','2023-03-30 23:50:29.832918');
INSERT INTO django_migrations VALUES(29,'oc_lettings_site','0004_alter_address_options_alter_address_id_and_more','2023-03-30 23:50:29.959419');
CREATE TABLE IF NOT EXISTS "auth_group_permissions" ("id" integer NOT NULL PRIMARY KEY AUTOINCREMENT, "group_id" integer NOT NULL REFERENCES "auth_group" ("id") DEFERRABLE INITIALLY DEFERRED, "permission_id" integer NOT NULL REFERENCES "auth_permission" ("id") DEFERRABLE INITIALLY DEFERRED);
CREATE TABLE IF NOT EXISTS "auth_user_groups" ("id" integer NOT NULL PRIMARY KEY AUTOINCREMENT, "user_id" integer NOT NULL REFERENCES "auth_user" ("id") DEFERRABLE INITIALLY DEFERRED, "group_id" integer NOT NULL REFERENCES "auth_group" ("id") DEFERRABLE INITIALLY DEFERRED);
CREATE TABLE IF NOT EXISTS "auth_user_user_permissions" ("id" integer NOT NULL PRIMARY KEY AUTOINCREMENT, "user_id" integer NOT NULL REFERENCES "auth_user" ("id") DEFERRABLE INITIALLY DEFERRED, "permission_id" integer NOT NULL REFERENCES "auth_permission" ("id") DEFERRABLE INITIALLY DEFERRED);
CREATE TABLE IF NOT EXISTS "django_admin_log" ("id" integer NOT NULL PRIMARY KEY AUTOINCREMENT, "action_time" datetime NOT NULL, "object_id" text NULL, "object_repr" varchar(200) NOT NULL, "change_message" text NOT NULL, "content_type_id" integer NULL REFERENCES "django_content_type" ("id") DEFERRABLE INITIALLY DEFERRED, "user_id" integer NOT NULL REFERENCES "auth_user" ("id") DEFERRABLE INITIALLY DEFERRED, "action_flag" smallint unsigned NOT NULL CHECK ("action_flag" >= 0));
INSERT INTO django_admin_log VALUES(1,'2020-06-14 09:44:05.888484','2','4meRomance','[{"added": {}}]',7,1,1);
INSERT INTO django_admin_log VALUES(2,'2020-06-14 09:44:45.294240','3','AirWow','[{"added": {}}]',7,1,1);
INSERT INTO django_admin_log VALUES(3,'2020-06-14 09:45:14.363463','3','AirWow','[{"changed": {"fields": ["First name", "Last name", "Email address"]}}]',7,1,2);
INSERT INTO django_admin_log VALUES(4,'2020-06-14 09:45:57.716652','2','4meRomance','[{"changed": {"fields": ["First name", "Last name", "Email address"]}}]',7,1,2);
INSERT INTO django_admin_log VALUES(5,'2020-06-14 09:46:29.087354','4','DavWin','[{"added": {}}]',7,1,1);
INSERT INTO django_admin_log VALUES(6,'2020-06-14 09:46:46.028853','4','DavWin','[{"changed": {"fields": ["First name", "Last name", "Email address"]}}]',7,1,2);
INSERT INTO django_admin_log VALUES(7,'2020-06-14 09:47:21.157003','5','HeadlinesGazer','[{"added": {}}]',7,1,1);
INSERT INTO django_admin_log VALUES(8,'2020-06-14 09:47:39.497282','5','HeadlinesGazer','[{"changed": {"fields": ["First name", "Last name", "Email address"]}}]',7,1,2);
INSERT INTO django_admin_log VALUES(9,'2020-06-14 09:47:42.559245','5','HeadlinesGazer','[]',7,1,2);
INSERT INTO django_admin_log VALUES(10,'2020-06-14 09:49:23.116969','1','7217 Bedford Street','[{"added": {}}]',1,1,1);
INSERT INTO django_admin_log VALUES(11,'2020-06-14 09:49:50.934835','2','4 Military Street','[{"added": {}}]',1,1,1);
INSERT INTO django_admin_log VALUES(12,'2020-06-14 09:50:23.835740','3','340 Wintergreen Avenue','[{"added": {}}]',1,1,1);
INSERT INTO django_admin_log VALUES(13,'2020-06-14 09:50:52.590818','4','9230 E. Joy Ridge Street','[{"added": {}}]',1,1,1);
INSERT INTO django_admin_log VALUES(14,'2020-06-14 09:51:21.192094','5','9606 Harvard Street','[{"added": {}}]',1,1,1);
INSERT INTO django_admin_log VALUES(15,'2020-06-14 09:51:46.901429','6','588 Argyle Avenue','[{"added": {}}]',1,1,1);
INSERT INTO django_admin_log VALUES(16,'2020-06-14 09:52:18.053407','1','Joshua Tree Green Haus /w Hot Tub','[{"added": {}}]',3,1,1);
INSERT INTO django_admin_log VALUES(17,'2020-06-14 09:52:32.121032','2','Oceanview Retreat','[{"added": {}}]',3,1,1);
INSERT INTO django_admin_log VALUES(18,'2020-06-14 09:52:43.896407','3','''Silo Studio'' Cottage','[{"added": {}}]',3,1,1);
INSERT INTO django_admin_log VALUES(19,'2020-06-14 09:52:59.316126','4','Pirates of the Caribbean Getaway','[{"added": {}}]',3,1,1);
INSERT INTO django_admin_log VALUES(20,'2020-06-14 09:53:41.990687','5','The Mushroom Dome Retreat & LAND of Paradise Suite','[{"added": {}}]',3,1,1);
INSERT INTO django_admin_log VALUES(21,'2020-06-14 09:53:54.720878','6','Underground Hygge','[{"added": {}}]',3,1,1);
INSERT INTO django_admin_log VALUES(22,'2020-06-14 09:54:29.736336','1','HeadlinesGazer','[{"added": {}}]',2,1,1);
INSERT INTO django_admin_log VALUES(23,'2020-06-14 09:54:41.934625','2','DavWin','[{"added": {}}]',2,1,1);
INSERT INTO django_admin_log VALUES(24,'2020-06-14 09:54:53.201841','3','AirWow','[{"added": {}}]',2,1,1);
INSERT INTO django_admin_log VALUES(25,'2020-06-14 09:55:06.931625','4','4meRomance','[{"added": {}}]',2,1,1);
CREATE TABLE IF NOT EXISTS "django_content_type" ("id" integer NOT NULL PRIMARY KEY AUTOINCREMENT, "app_label" varchar(100) NOT NULL, "model" varchar(100) NOT NULL);
INSERT INTO django_content_type VALUES(1,'oc_lettings_site','address');
INSERT INTO django_content_type VALUES(2,'oc_lettings_site','profile');
INSERT INTO django_content_type VALUES(3,'oc_lettings_site','letting');
INSERT INTO django_content_type VALUES(4,'admin','logentry');
INSERT INTO django_content_type VALUES(5,'auth','permission');
INSERT INTO django_content_type VALUES(6,'auth','group');
INSERT INTO django_content_type VALUES(7,'auth','user');
INSERT INTO django_content_type VALUES(8,'contenttypes','contenttype');
INSERT INTO django_content_type VALUES(9,'sessions','session');
INSERT INTO django_content_type VALUES(10,'Lettings','address');
INSERT INTO django_content_type VALUES(11,'Lettings','letting');
INSERT INTO django_content_type VALUES(12,'Profiles','profile');
CREATE TABLE IF NOT EXISTS "auth_permission" ("id" integer NOT NULL PRIMARY KEY AUTOINCREMENT, "content_type_id" integer NOT NULL REFERENCES "django_content_type" ("id") DEFERRABLE INITIALLY DEFERRED, "codename" varchar(100) NOT NULL, "name" varchar(255) NOT NULL);
INSERT INTO auth_permission VALUES(1,1,'add_address','Can add address');
INSERT INTO auth_permission VALUES(2,1,'change_address','Can change address');
INSERT INTO auth_permission VALUES(3,1,'delete_address','Can delete address');
INSERT INTO auth_permission VALUES(4,1,'view_address','Can view address');
INSERT INTO auth_permission VALUES(5,2,'add_profile','Can add profile');
INSERT INTO auth_permission VALUES(6,2,'change_profile','Can change profile');
INSERT INTO auth_permission VALUES(7,2,'delete_profile','Can delete profile');
INSERT INTO auth_permission VALUES(8,2,'view_profile','Can view profile');
INSERT INTO auth_permission VALUES(9,3,'add_letting','Can add letting');
INSERT INTO auth_permission VALUES(10,3,'change_letting','Can change letting');
INSERT INTO auth_permission VALUES(11,3,'delete_letting','Can delete letting');
INSERT INTO auth_permission VALUES(12,3,'view_letting','Can view letting');
INSERT INTO auth_permission VALUES(13,4,'add_logentry','Can add log entry');
INSERT INTO auth_permission VALUES(14,4,'change_logentry','Can change log entry');
INSERT INTO auth_permission VALUES(15,4,'delete_logentry','Can delete log entry');
INSERT INTO auth_permission VALUES(16,4,'view_logentry','Can view log entry');
INSERT INTO auth_permission VALUES(17,5,'add_permission','Can add permission');
INSERT INTO auth_permission VALUES(18,5,'change_permission','Can change permission');
INSERT INTO auth_permission VALUES(19,5,'delete_permission','Can delete permission');
INSERT INTO auth_permission VALUES(20,5,'view_permission','Can view permission');
INSERT INTO auth_permission VALUES(21,6,'add_group','Can add group');
INSERT INTO auth_permission VALUES(22,6,'change_group','Can change group');
INSERT INTO auth_permission VALUES(23,6,'delete_group','Can delete group');
INSERT INTO auth_permission VALUES(24,6,'view_group','Can view group');
INSERT INTO auth_permission VALUES(25,7,'add_user','Can add user');
INSERT INTO auth_permission VALUES(26,7,'change_user','Can change user');
INSERT INTO auth_permission VALUES(27,7,'delete_user','Can delete user');
INSERT INTO auth_permission VALUES(28,7,'view_user','Can view user');
INSERT INTO auth_permission VALUES(29,8,'add_contenttype','Can add content type');
INSERT INTO auth_permission VALUES(30,8,'change_contenttype','Can change content type');
INSERT INTO auth_permission VALUES(31,8,'delete_contenttype','Can delete content type');
INSERT INTO auth_permission VALUES(32,8,'view_contenttype','Can view content type');
INSERT INTO auth_permission VALUES(33,9,'add_session','Can add session');
INSERT INTO auth_permission VALUES(34,9,'change_session','Can change session');
INSERT INTO auth_permission VALUES(35,9,'delete_session','Can delete session');
INSERT INTO auth_permission VALUES(36,9,'view_session','Can view session');
INSERT INTO auth_permission VALUES(37,10,'add_address','Can add address');
INSERT INTO auth_permission VALUES(38,10,'change_address','Can change address');
INSERT INTO auth_permission VALUES(39,10,'delete_address','Can delete address');
INSERT INTO auth_permission VALUES(40,10,'view_address','Can view address');
INSERT INTO auth_permission VALUES(41,11,'add_letting','Can add letting');
INSERT INTO auth_permission VALUES(42,11,'change_letting','Can change letting');
INSERT INTO auth_permission VALUES(43,11,'delete_letting','Can delete letting');
INSERT INTO auth_permission VALUES(44,11,'view_letting','Can view letting');
INSERT INTO auth_permission VALUES(45,12,'add_profile','Can add profile');
INSERT INTO auth_permission VALUES(46,12,'change_profile','Can change profile');
INSERT INTO auth_permission VALUES(47,12,'delete_profile','Can delete profile');
INSERT INTO auth_permission VALUES(48,12,'view_profile','Can view profile');
CREATE TABLE IF NOT EXISTS "auth_group" ("id" integer NOT NULL PRIMARY KEY AUTOINCREMENT, "name" varchar(150) NOT NULL UNIQUE);
CREATE TABLE IF NOT EXISTS "django_session" ("session_key" varchar(40) NOT NULL PRIMARY KEY, "session_data" text NOT NULL, "expire_date" datetime NOT NULL);
INSERT INTO django_session VALUES('6rmrxn3uts8m2ytfny39msvhhcr7x6ge','YzFjNTIxZWFkZGRkMmE2Y2MwNDY2YWUzOTg1MGJlNTM1MTRiYjliNjp7Il9hdXRoX3VzZXJfaWQiOiIxIiwiX2F1dGhfdXNlcl9iYWNrZW5kIjoiZGphbmdvLmNvbnRyaWIuYXV0aC5iYWNrZW5kcy5Nb2RlbEJhY2tlbmQiLCJfYXV0aF91c2VyX2hhc2giOiI1NTMxMjkyZWYxMzBjMjBjNDMwOWE5YzEzMGJmMDYyZjlmN2Q0NTQxIn0=','2020-06-28 09:41:56.984887');
CREATE TABLE IF NOT EXISTS "Lettings_address" ("id" integer NOT NULL PRIMARY KEY AUTOINCREMENT, "number" integer unsigned NOT NULL CHECK ("number" >= 0), "street" varchar(64) NOT NULL, "city" varchar(64) NOT NULL, "state" varchar(2) NOT NULL, "zip_code" integer unsigned NOT NULL CHECK ("zip_code" >= 0), "country_iso_code" varchar(3) NOT NULL);
INSERT INTO Lettings_address VALUES(1,7217,'Bedford Street','Brunswick','GA',31525,'USA');
INSERT INTO Lettings_address VALUES(2,4,'Military Street','Willoughby','OH',44094,'USA');
INSERT INTO Lettings_address VALUES(3,340,'Wintergreen Avenue','Newport News','VA',23601,'USA');
INSERT INTO Lettings_address VALUES(4,9230,'E. Joy Ridge Street','Marquette','MI',49855,'USA');
INSERT INTO Lettings_address VALUES(5,9606,'Harvard Street','Aliquippa','PA',15001,'USA');
INSERT INTO Lettings_address VALUES(6,588,'Argyle Avenue','East Meadow','NY',11554,'USA');
CREATE TABLE IF NOT EXISTS "Lettings_letting" ("id" integer NOT NULL PRIMARY KEY AUTOINCREMENT, "title" varchar(256) NOT NULL, "address_id" bigint NOT NULL UNIQUE REFERENCES "Lettings_address" ("id") DEFERRABLE INITIALLY DEFERRED);
INSERT INTO Lettings_letting VALUES(1,'Joshua Tree Green Haus /w Hot Tub',1);
INSERT INTO Lettings_letting VALUES(2,'Oceanview Retreat',2);
INSERT INTO Lettings_letting VALUES(3,'''Silo Studio'' Cottage',3);
INSERT INTO Lettings_letting VALUES(4,'Pirates of the Caribbean Getaway',4);
INSERT INTO Lettings_letting VALUES(5,'The Mushroom Dome Retreat & LAND of Paradise Suite',5);
INSERT INTO Lettings_letting VALUES(6,'Underground Hygge',6);
CREATE TABLE IF NOT EXISTS "Profiles_profile" ("id" integer NOT NULL PRIMARY KEY AUTOINCREMENT, "favorite_city" varchar(64) NOT NULL, "user_id" integer NOT NULL UNIQUE REFERENCES "auth_user" ("id") DEFERRABLE INITIALLY DEFERRED);
INSERT INTO Profiles_profile VALUES(1,'Buenos Aires',5);
INSERT INTO Profiles_profile VALUES(2,'Barcelona',4);
INSERT INTO Profiles_profile VALUES(3,'Budapest',3);
INSERT INTO Profiles_profile VALUES(4,'Berlin',2);
CREATE TABLE IF NOT EXISTS "auth_user" ("id" integer NOT NULL PRIMARY KEY AUTOINCREMENT, "password" varchar(128) NOT NULL, "last_login" datetime NULL, "is_superuser" bool NOT NULL, "username" varchar(150) NOT NULL UNIQUE, "last_name" varchar(150) NOT NULL, "email" varchar(254) NOT NULL, "is_staff" bool NOT NULL, "is_active" bool NOT NULL, "date_joined" datetime NOT NULL, "first_name" varchar(150) NOT NULL);
INSERT INTO auth_user VALUES(1,'pbkdf2_sha256$180000$p35UH2yYInHF$4LTphT2basUmvfLq+XHETVvKONZrWUsLfKu1K8/Hqdk=','2020-06-14 09:41:56.975174',1,'admin','','admin@email.com',1,1,'2020-06-14 09:41:15.326411','');
INSERT INTO auth_user VALUES(2,'pbkdf2_sha256$180000$8ZKjEEdeYubZ$jq4T/Vaa2DWdAvzNys4ynNO6Wd/PsWe3dux20F7BGgQ=',NULL,0,'4meRomance','Rodriguez','coemperor@famemma.net',0,1,'2020-06-14 09:44:05','John');
INSERT INTO auth_user VALUES(3,'pbkdf2_sha256$180000$DdNkE39rolFF$nGmWZanXv4GlcTxtfUgc+MUIqBgDszAtvFfuFu538LQ=',NULL,0,'AirWow','Paul','flocation.vam4@glendenningflowerdesign.com',0,1,'2020-06-14 09:44:45','Ada');
INSERT INTO auth_user VALUES(4,'pbkdf2_sha256$180000$3VJdHtu39cbD$8qNVkvJ0KddsvfFueEm09Sg0LxgFievigmtAEb39paE=',NULL,0,'DavWin','Grahm','5houssam.kessaiso@facpidif.ml',0,1,'2020-06-14 09:46:28','Cassandra');
INSERT INTO auth_user VALUES(5,'pbkdf2_sha256$180000$zjnQu4LiqMAT$Qxom08ahzw11iPlX6kYyySa94yJXdjrptta6Qzx8HWE=',NULL,0,'HeadlinesGazer','Lal','jssssss33@acee9.live',0,1,'2020-06-14 09:47:21','Jamie');
CREATE TABLE IF NOT EXISTS "oc_lettings_site_address" ("id" integer NOT NULL PRIMARY KEY AUTOINCREMENT, "number" integer unsigned NOT NULL CHECK ("number" >= 0), "street" varchar(64) NOT NULL, "city" varchar(64) NOT NULL, "state" varchar(2) NOT NULL, "zip_code" integer unsigned NOT NULL CHECK ("zip_code" >= 0), "country_iso_code" varchar(3) NOT NULL);
INSERT INTO oc_lettings_site_address VALUES(1,7217,'Bedford Street','Brunswick','GA',31525,'USA');
INSERT INTO oc_lettings_site_address VALUES(2,4,'Military Street','Willoughby','OH',44094,'USA');
INSERT INTO oc_lettings_site_address VALUES(3,340,'Wintergreen Avenue','Newport News','VA',23601,'USA');
INSERT INTO oc_lettings_site_address VALUES(4,9230,'E. Joy Ridge Street','Marquette','MI',49855,'USA');
INSERT INTO oc_lettings_site_address VALUES(5,9606,'Harvard Street','Aliquippa','PA',15001,'USA');
INSERT INTO oc_lettings_site_address VALUES(6,588,'Argyle Avenue','East Meadow','NY',11554,'USA');
CREATE TABLE IF NOT EXISTS "oc_lettings_site_letting" ("id" integer NOT NULL PRIMARY KEY AUTOINCREMENT, "title" varchar(256) NOT NULL, "address_id" bigint NOT NULL UNIQUE REFERENCES "oc_lettings_site_address" ("id") DEFERRABLE INITIALLY DEFERRED);
INSERT INTO oc_lettings_site_letting VALUES(1,'Joshua Tree Green Haus /w Hot Tub',1);
INSERT INTO oc_lettings_site_letting VALUES(2,'Oceanview Retreat',2);
INSERT INTO oc_lettings_site_letting VALUES(3,'''Silo Studio'' Cottage',3);
INSERT INTO oc_lettings_site_letting VALUES(4,'Pirates of the Caribbean Getaway',4);
INSERT INTO oc_lettings_site_letting VALUES(5,'The Mushroom Dome Retreat & LAND of Paradise Suite',5);
INSERT INTO oc_lettings_site_letting VALUES(6,'Underground Hygge',6);
CREATE TABLE IF NOT EXISTS "oc_lettings_site_profile" ("id" integer NOT NULL PRIMARY KEY AUTOINCREMENT, "favorite_city" varchar(64) NOT NULL, "user_id" integer NOT NULL UNIQUE REFERENCES "auth_user" ("id") DEFERRABLE INITIALLY DEFERRED);
INSERT INTO oc_lettings_site_profile VALUES(1,'Buenos Aires',5);
INSERT INTO oc_lettings_site_profile VALUES(2,'Barcelona',4);
INSERT INTO oc_lettings_site_profile VALUES(3,'Budapest',3);
INSERT INTO oc_lettings_site_profile VALUES(4,'Berlin',2);
DELETE FROM sqlite_sequence;
INSERT INTO sqlite_sequence VALUES('django_migrations',29);
INSERT INTO sqlite_sequence VALUES('django_admin_log',25);
INSERT INTO sqlite_sequence VALUES('django_content_type',12);
INSERT INTO sqlite_sequence VALUES('auth_permission',48);
INSERT INTO sqlite_sequence VALUES('auth_group',0);
INSERT INTO sqlite_sequence VALUES('Lettings_address',6);
INSERT INTO sqlite_sequence VALUES('Lettings_letting',6);
INSERT INTO sqlite_sequence VALUES('Profiles_profile',4);
INSERT INTO sqlite_sequence VALUES('auth_user',5);
INSERT INTO sqlite_sequence VALUES('oc_lettings_site_address',6);
INSERT INTO sqlite_sequence VALUES('oc_lettings_site_letting',6);
INSERT INTO sqlite_sequence VALUES('oc_lettings_site_profile',4);
CREATE UNIQUE INDEX "auth_group_permissions_group_id_permission_id_0cd325b0_uniq" ON "auth_group_permissions" ("group_id", "permission_id");
CREATE INDEX "auth_group_permissions_group_id_b120cbf9" ON "auth_group_permissions" ("group_id");
CREATE INDEX "auth_group_permissions_permission_id_84c5c92e" ON "auth_group_permissions" ("permission_id");
CREATE UNIQUE INDEX "auth_user_groups_user_id_group_id_94350c0c_uniq" ON "auth_user_groups" ("user_id", "group_id");
CREATE INDEX "auth_user_groups_user_id_6a12ed8b" ON "auth_user_groups" ("user_id");
CREATE INDEX "auth_user_groups_group_id_97559544" ON "auth_user_groups" ("group_id");
CREATE UNIQUE INDEX "auth_user_user_permissions_user_id_permission_id_14a6b632_uniq" ON "auth_user_user_permissions" ("user_id", "permission_id");
CREATE INDEX "auth_user_user_permissions_user_id_a95ead1b" ON "auth_user_user_permissions" ("user_id");
CREATE INDEX "auth_user_user_permissions_permission_id_1fbb5f2c" ON "auth_user_user_permissions" ("permission_id");
CREATE INDEX "django_admin_log_content_type_id_c4bce8eb" ON "django_admin_log" ("content_type_id");
CREATE INDEX "django_admin_log_user_id_c564eba6" ON "django_admin_log" ("user_id");
CREATE UNIQUE INDEX "django_content_type_app_label_model_76bd3d3b_uniq" ON "django_content_type" ("app_label", "model");
CREATE UNIQUE INDEX "auth_permission_content_type_id_codename_01ab375a_uniq" ON "auth_permission" ("content_type_id", "codename");
CREATE INDEX "auth_permission_content_type_id_2f476e4b" ON "auth_permission" ("content_type_id");
CREATE INDEX "django_session_expire_date_a5c62663" ON "django_session" ("expire_date");
COMMIT;
